bio,posts,label
Always pushing the limits of innovation. Exploring AI and cloud tech like never before.,Just deployed a new backend service in 3 hours. Exploring the latest LangChain release. My GPT-based app now supports voice! Hackathon weekend â€” let's go ğŸš€.,Tech Enthusiast
Just shipped a new microservice in under 24 hours. Diving deep into edge computing and AI.,"Pixel 8 Pro > iPhone this year. Running Llama 3 locally. Why? Because I can ğŸ¤“. Docker is my love language ğŸ³. AI, AR, and now XR? Count me in.",Tech Enthusiast
Making the impossible possible with new tech. Building future-ready solutions today.,Diving into WebAssembly and it's blowing my mind ğŸ§ . Benchmarking my model with ONNX â€“ the speed boost is real âš¡. Voice interface + LLMs = the future is hands-free.,Tech Enthusiast
Turning ideas into code. My passion is crafting high-performance tech stacks.,Finally configured my homelab cluster. Local cloud = freedom. Benchmarking my model with ONNX â€“ the speed boost is real âš¡. Diving into WebAssembly and it's blowing my mind ğŸ§ .,Tech Enthusiast
Always experimenting with the latest tools and frameworks. The future of tech is now.,Voice interface + LLMs = the future is hands-free. Finally configured my homelab cluster. Local cloud = freedom. Diving into WebAssembly and it's blowing my mind ğŸ§ .,Tech Enthusiast
"Always chasing the latest tech trends. Building scalable, future-proof systems that disrupt industries.","Just launched my first blockchain-based app, and the speed is insane ğŸš€. It's the first of many decentralized apps I plan to build. Excited about the future of Web3!",Tech Enthusiast
Just shipped a new microservice in under 24 hours. Diving deep into edge computing and AI.,Exploring cloud-native architectures with Kubernetes. It's an amazing experience scaling apps across multiple regions with zero downtime. Kubernetes is quickly becoming my go-to solution for everything cloud-related.,Tech Enthusiast
Making the impossible possible with new tech. Building future-ready solutions today.,"Started working with ONNX for model deployment, and the speed boost is unreal âš¡. Optimizing deep learning models has never been this efficient!",Tech Enthusiast
Turning ideas into code. My passion is crafting high-performance tech stacks.,"Optimizing a neural network model for faster inference speeds âš¡. After implementing quantization, Iâ€™ve already seen a huge boost in performance. Canâ€™t wait to try it on larger datasets!",Tech Enthusiast
Always experimenting with the latest tools and frameworks. The future of tech is now.,Experimenting with GraphQL for more efficient data fetching ğŸš€. The ability to query exactly what I need in one request has been a game-changer for reducing load times.,Tech Enthusiast
Innovating through automation and AI. Crafting seamless solutions with the latest cloud technologies.,"Automating my entire workflow using Python scripts. Iâ€™ve built a system that pulls data from different sources, processes it, and generates reports all by itself. Efficiency is key ğŸ”‘.",Tech Enthusiast
"Code, coffee, and cutting-edge tools. Turning visionary ideas into real-world tech products.",Developed a recommendation system using collaborative filtering ğŸ”¥. It's already showing promising results for personalized content suggestions in my app. Canâ€™t wait to refine it further!,Tech Enthusiast
"Tech is my playground. Constantly experimenting with new frameworks, libraries, and APIs to create the next big thing.","Built a RESTful API using FastAPI, and itâ€™s lightning fast âš¡. With async support, itâ€™s outperforming every API Iâ€™ve built before. Iâ€™m using it in my production stack now.",Tech Enthusiast
"Full-stack developer by day, AI enthusiast by night. Always building, always improving.",Just finished a React app for real-time data visualization. Super excited about it ğŸ˜. The app allows users to interact with data and receive instant insights through dynamic charts and graphs. Itâ€™s been a fun project!,Tech Enthusiast
"Pushing the boundaries of what's possible with tech. If itâ€™s not innovative, itâ€™s not for me.",Exploring quantum computing for AI applications. Mind-blowing stuff ğŸ’¥. Just started working with Qiskit and can already see the potential for quantum speedups in AI training.,Tech Enthusiast
Embracing the cloud-first world. Building AI-driven solutions that scale across global infrastructures.,"Testing deployment on Google Cloud for my new AI model. Cloud-native FTW ğŸŒ¥ï¸. With auto-scaling and GCPâ€™s AI tools, I can easily push my model to millions of users worldwide with minimal effort.",Tech Enthusiast
"From neural networks to microservices, Iâ€™m passionate about creating high-impact solutions for tomorrowâ€™s tech landscape.",Designed a scalable microservices architecture with Kubernetes ğŸŒ. Iâ€™m using Docker to containerize everything and Helm for easy management. Itâ€™s amazing how well everything integrates.,Tech Enthusiast
"On a mission to redefine digital experiences with cutting-edge technologies like AI, machine learning, and blockchain.","Just launched a decentralized app using blockchain. The future is decentralized ğŸ”—. My app lets users interact with smart contracts seamlessly, and the transaction speeds are incredibly fast!",Tech Enthusiast
Experimenting with quantum computing and AI to build revolutionary tech products of the future.,Started using Qiskit to experiment with quantum algorithms ğŸ§ . Iâ€™m focusing on quantum machine learning models and Iâ€™m already seeing speed improvements. The quantum revolution is real!,Tech Enthusiast
"Moving fast and breaking things. Always ahead of the curve in AI, cloud computing, and automation.","Deployed an automated pipeline using AWS Lambda. Everything is running smoothly ğŸ‰. From data ingestion to model inference, this serverless solution has minimized costs and maximized speed.",Tech Enthusiast
"Master of memes, king of sarcasm. Turning everyday moments into laugh-out-loud content.",When Monday hits like a truck ğŸ« . Me: just one episode. Also me: 4AM ğŸ‘€. Dogs in sunglasses = instant serotonin ğŸ¶ğŸ•¶ï¸. Canâ€™t tell if I'm funny or broken.,Meme Lord
Making memes to survive the madness. A laugh a day keeps the existential dread away.,"Out of office but still mentally in Excel ğŸ§ ğŸ’». If I had a dollar for every time I Googled 'what day is it'. Can't adult today. Iâ€™m not lazy, Iâ€™m on power save mode ğŸ’¤.",Meme Lord
"If sarcasm were a sport, Iâ€™d be a world champion. Memes are my way of coping.","Memes are how I scream into the void... politely. Relatable content? Nah, I make unrelatable masterpieces. That moment when your brain updates at 3AM ğŸ§ ğŸ”.",Meme Lord
"When life gets tough, I meme it. Turning awkward moments into viral gold.","POV: your motivation left you on read ğŸ“µ. Relatable content? Nah, I make unrelatable masterpieces. That moment when your brain updates at 3AM ğŸ§ ğŸ”.",Meme Lord
"Creating chaos, one meme at a time. Relatable? Maybe. Hilarious? Definitely.","Relatable content? Nah, I make unrelatable masterpieces. That moment when your brain updates at 3AM ğŸ§ ğŸ”. POV: your motivation left you on read ğŸ“µ.",Meme Lord
"Master of memes, king of sarcasm. Turning everyday moments into laugh-out-loud content.",When Monday hits like a truck ğŸ« . Me: just one episode. Also me: 4AM ğŸ‘€. Dogs in sunglasses = instant serotonin ğŸ¶ğŸ•¶ï¸. Canâ€™t tell if I'm funny or broken.,Meme Lord
Making memes to survive the madness. A laugh a day keeps the existential dread away.,"Out of office but still mentally in Excel ğŸ§ ğŸ’». If I had a dollar for every time I Googled 'what day is it'. Can't adult today. Iâ€™m not lazy, Iâ€™m on power save mode ğŸ’¤.",Meme Lord
"If sarcasm were a sport, Iâ€™d be a world champion. Memes are my way of coping.","Memes are how I scream into the void... politely. Relatable content? Nah, I make unrelatable masterpieces. That moment when your brain updates at 3AM ğŸ§ ğŸ”.",Meme Lord
"When life gets tough, I meme it. Turning awkward moments into viral gold.","POV: your motivation left you on read ğŸ“µ. Relatable content? Nah, I make unrelatable masterpieces. That moment when your brain updates at 3AM ğŸ§ ğŸ”.",Meme Lord
"Creating chaos, one meme at a time. Relatable? Maybe. Hilarious? Definitely.","Relatable content? Nah, I make unrelatable masterpieces. That moment when your brain updates at 3AM ğŸ§ ğŸ”. POV: your motivation left you on read ğŸ“µ.",Meme Lord
Memes are my therapy. Sarcasm is my lifeline.,Me: Iâ€™m going to be productive today. Also me: 3 hours deep in meme research. ğŸ•µï¸â€â™‚ï¸ğŸ˜‚,Meme Lord
Memes are my love language. I speak fluent sarcasm.,"POV: Iâ€™ve had a full conversation today, and it was all in memes. Canâ€™t tell if Iâ€™m funny or just unhinged ğŸ¤ª.",Meme Lord
Making memes to fight the daily grind. Humor is my superpower.,"If I had a dollar for every time I tried to be productive, I'd be rich by now ğŸ’°. Me: 'Iâ€™m working'. Also me: 'meming'.",Meme Lord
"Sarcastic to the core, meme lord at heart. Turning chaos into comedy.","When life gives you lemons, make memes out of them ğŸ‹. That awkward moment when you find your sense of humor at 3AM ğŸ˜‚.",Meme Lord
"Mastering the art of dark humor. If you laugh, you're in good company.","Me: I'm adulting. Also me: Iâ€™m just here for the memes ğŸ˜‚. Same energy, different day.",Meme Lord
Turning existential dread into pure comedic gold.,"Today, I learned that the more memes I make, the more I forget my responsibilities. Feels good to be free ğŸ•Šï¸.",Meme Lord
Memes are my form of expression. Sarcasm is my personality.,That feeling when your productivity is measured by how many memes you create instead of actual work ğŸ†.,Meme Lord
Crafting the perfect meme for every occasion. Laughter is the best medicine.,"Every meme I make is a masterpiece. Well, at least in my head ğŸ§ ğŸ’¡. Does anyone else make memes at 3AM and wonder why?",Meme Lord
Living life one meme at a time. Breaking hearts and breaking the internet.,Memes are my coping mechanism. Sarcasm is my default setting. I think I need an intervention ğŸ¤”.,Meme Lord
"Life is tough, but memes make it bearable. Sarcasm is my strength.","POV: You find the funniest meme and then laugh alone for 30 minutes ğŸ˜‚. Yeah, that's me.",Meme Lord
"From street food in Bangkok to fine dining in Paris, Iâ€™m on a global culinary adventure.",Pho in Saigon is a spiritual experience ğŸœ. Homemade gnocchi turned out amazing. Street food in Istanbul >>>. Pistachio gelato in Sicily is life ğŸ¨.,Foodie Explorer
"Always hunting for new flavors. Cooking is my therapy, and food is my passion.",That Turkish baklava is pure heaven in layers ğŸ¥®. Freshly baked sourdough straight from my oven ğŸâ¤ï¸. Fusion sushi with mango and jalapeÃ±o? Surprisingly divine ğŸ£ğŸ”¥.,Foodie Explorer
Exploring the world one bite at a time. Discovering hidden gems in every city I visit.,Fusion sushi with mango and jalapeÃ±o? Surprisingly divine ğŸ£ğŸ”¥. That Turkish baklava is pure heaven in layers ğŸ¥®. Freshly baked sourdough straight from my oven ğŸâ¤ï¸.,Foodie Explorer
"From street food in Bangkok to fine dining in Paris, Iâ€™m on a global culinary adventure.",Pho in Saigon is a spiritual experience ğŸœ. Homemade gnocchi turned out amazing. Street food in Istanbul >>>. Pistachio gelato in Sicily is life ğŸ¨.,Foodie Explorer
"Always hunting for new flavors. Cooking is my therapy, and food is my passion.",That Turkish baklava is pure heaven in layers ğŸ¥®. Freshly baked sourdough straight from my oven ğŸâ¤ï¸. Fusion sushi with mango and jalapeÃ±o? Surprisingly divine ğŸ£ğŸ”¥.,Foodie Explorer
Exploring the world one bite at a time. Discovering hidden gems in every city I visit.,Fusion sushi with mango and jalapeÃ±o? Surprisingly divine ğŸ£ğŸ”¥. That Turkish baklava is pure heaven in layers ğŸ¥®. Freshly baked sourdough straight from my oven ğŸâ¤ï¸.,Foodie Explorer
"From the streets of Bangkok to the kitchens of Paris, Iâ€™m a food adventurer.","Just had the best ramen in Tokyo, hands down ğŸœ. My homemade empanadas turned out delicious. Donâ€™t even get me started on that tiramisu from Milan ğŸ°.",Foodie Explorer
"Food is my travel companion, and Iâ€™m always on the lookout for new experiences.",The best dim sum Iâ€™ve ever had was in Hong Kong ğŸ¥Ÿ. Street tacos in Mexico City? Unbeatable ğŸŒ®. That fresh baklava from a hidden shop in Athens? To die for!,Foodie Explorer
Every meal is a new discovery. Iâ€™m on a mission to taste the world.,Freshly caught sushi in Japan ğŸŒŠ. Homemade pizza from Napoli â€” Iâ€™ll never go back to frozen ğŸ•. A spicy lamb curry in Istanbul that knocked my socks off ğŸ–.,Foodie Explorer
"Tasting my way through the world, one dish at a time.","Homemade pho with broth thatâ€™s been simmering for hours ğŸœ. The best pasta Iâ€™ve ever eaten in Rome â€” al dente perfection ğŸ. Fresh oysters in Sydney, simply divine ğŸ¦ª.",Foodie Explorer
"Food is my passport, and Iâ€™m always exploring new territories.",Baguettes in Paris that melt in your mouth ğŸ¥–. The ultimate sushi experience in Kyoto ğŸ£. Peking duck in Beijing â€” Iâ€™m speechless ğŸ¦†.,Foodie Explorer
Love at first bite â€” traveling the world for the best bites.,Street food in Bangkok was a revelation ğŸ¢. Traditional paella in Valencia â€” the best seafood Iâ€™ve ever had ğŸ¦. Chocolate croissants in Paris? Heaven ğŸ¥.,Foodie Explorer
Chasing culinary perfection across the globe.,Had the juiciest steaks in Buenos Aires ğŸ¥©. Fresh guacamole and salsa in Mexico City? Canâ€™t beat it ğŸ¥‘. A bowl of ramen in Osaka â€” soul food ğŸœ.,Foodie Explorer
Discovering new flavors and unforgettable food experiences.,The freshest sashimi in Tokyo ğŸ£. A slice of New York pizza with perfect crust ğŸ•. Homemade dim sum with friends in Hong Kong ğŸ¥Ÿ.,Foodie Explorer
Taking my taste buds on an unforgettable adventure around the world.,Mussels in Brussels â€” the flavor explosion is unreal ğŸ¦ª. Had the crispiest fried chicken in Seoul ğŸ—. Vegan pizza in Florence that was absolutely divine ğŸŒ±.,Foodie Explorer
Savoring each moment of my culinary adventures around the globe.,"Authentic poutine in Montreal? Yes, please ğŸŸ. Fresh pasta in Bologna that took me straight to Italy ğŸ‡®ğŸ‡¹. A Michelin-starred dinner in Barcelona? Unforgettable ğŸ¥‚.",Foodie Explorer
"Tasting my way through life, one culture at a time.",A spicy beef noodle soup in Chengdu that Iâ€™m still dreaming of ğŸœ. The best ceviche Iâ€™ve had in Lima ğŸŸ. A perfect croissant in Paris that made my morning â˜•.,Foodie Explorer
Exploring new tastes and flavors with every trip I take.,Fried chicken and waffles in New Orleans â€” an absolute classic ğŸ—. Spicy ramen in Tokyo that made me sweat in the best way ğŸœ. Authentic tacos in Mexico City ğŸŒ®.,Foodie Explorer
Every trip is an opportunity to try something new in the world of food.,Sushi from Tsukiji Fish Market in Tokyo that was beyond fresh ğŸ£. A street food tour in Bangkok â€” so many unforgettable bites ğŸœ. Gelato in Florence that is now my benchmark ğŸ§.,Foodie Explorer
"From street markets to five-star restaurants, food is my adventure.",Had the best shawarma in Beirut ğŸ¥™. A bowl of authentic Pho in Hanoi â€” nothing beats it ğŸœ. Freshly made gelato in Rome â€” an experience for all the senses ğŸ¨.,Foodie Explorer
"Training hard, eating clean, and chasing new personal bests every day.",Chest day pump ğŸ’ª. New PR: 150kg deadlift âœ…. High protein meal prep done. No days off â€” only progress ğŸ”¥.,Fitness Buff
"From gym sessions to meal prepping, Iâ€™m committed to pushing my body to new limits.",Macros: on point. Mood: anabolic ğŸ’¥. Leg day = respect the squat rack. Discipline > motivation. Rest day? Not today.,Fitness Buff
"Every rep counts. Building strength and resilience, one workout at a time.",Superset with minimal rest â€” hypertrophy unlocked ğŸ’ª. Morning cardio + cold shower = unstoppable energy. Reverse pyramid training â€” finally seeing those gains.,Fitness Buff
"Focused on form, fuel, and fitness. Pushing past plateaus and setting new records.",Creatine and consistency. Thatâ€™s the real preworkout. Morning cardio + cold shower = unstoppable energy. Superset with minimal rest â€” hypertrophy unlocked ğŸ’ª.,Fitness Buff
"Fitness isnâ€™t a goal, itâ€™s a journey. Constantly evolving with each workout and meal.",Morning cardio + cold shower = unstoppable energy. Reverse pyramid training â€” finally seeing those gains. Creatine and consistency. Thatâ€™s the real preworkout.,Fitness Buff
"Always improving, always stronger. Fitness is my passion.","Pushing through plateaus with progressive overload ğŸ”¥. Every set, every rep, taking it to the next level ğŸ’ª.",Fitness Buff
Building strength from the inside out. Fitness is my lifestyle.,Leg day grind â€” nothing beats that post-squat feeling ğŸ‹ï¸. Protein-packed meals fueling my muscle growth ğŸ’¥.,Fitness Buff
Embracing the grind. Every day is an opportunity to get stronger.,New PR: 100kg squat ğŸ’ª. Meal prep game strong â€” fueling my body with everything it needs. No shortcuts in the gym.,Fitness Buff
"Strength comes from consistency. No excuses, just results.","Morning fasted cardio done âœ…. Squats, deadlifts, and bench press â€” my favorite trio. Stay consistent and the gains will come!",Fitness Buff
"Fitness is about progress, not perfection. Always moving forward.","Supercharged my workouts with pre-workout and creatine ğŸ‹ï¸â€â™‚ï¸. Gaining muscle, losing fat, and feeling stronger every day!",Fitness Buff
Pushing my limits and redefining my fitness goals every day.,"Hit a new deadlift PR of 180kg ğŸ‹ï¸â€â™‚ï¸. Meal prep done for the week, now letâ€™s crush this workout ğŸ”¥.",Fitness Buff
"Strength isnâ€™t just about lifting heavy, itâ€™s about mental toughness.",Squats: 3 sets of 10 reps at 140kg ğŸ’ª. Consistent meal prep and proper nutrition keep me fueled for growth ğŸ—.,Fitness Buff
"Every workout is an opportunity to become stronger, healthier, and better.","5am gym session? Always. Upper body gains coming in hot ğŸ”¥. High-protein meals all day, every day ğŸ¥©.",Fitness Buff
Fitness isnâ€™t just physical; itâ€™s mental toughness too.,Challenging my body with heavy deadlifts and bench press ğŸ’¥. Working hard both in the gym and in the kitchen.,Fitness Buff
"Consistency is key. One workout at a time, one meal at a time.","Pushing through leg day with heavy squats and lunges ğŸ¦µ. Meal prep complete, my body is ready for growth ğŸ’ª.",Fitness Buff
Fitness is my journey of self-improvement. Progress is the goal.,Endurance is everything â€” 30 minutes of cardio before my leg workout ğŸƒâ€â™‚ï¸. Fueled by high-protein snacks all day.,Fitness Buff
Discipline is the foundation of my fitness lifestyle.,Protein shake post-workout â€” the recovery process starts now. Consistency = results ğŸ’¥. Squats and deadlifts in todayâ€™s routine.,Fitness Buff
"Each rep, each set, is another step toward my ultimate fitness goals.",Morning cardio complete âœ…. Time to crush leg day with squats and lunges. Recovery is just as important as the workout itself ğŸ’ª.,Fitness Buff
"Fitness isnâ€™t just a hobby, itâ€™s who I am.",Morning cardio and a healthy breakfast are my daily rituals ğŸ¥š. Heavy lifting today: squats and deadlifts ğŸ”¥.,Fitness Buff
Every rep brings me closer to the strongest version of myself.,"Chest day grind â€” bench press PR: 100kg ğŸ’ª. Recovery meal ready: chicken, rice, and veggies ğŸ¥˜.",Fitness Buff
Fashion is more than just clothes; itâ€™s an expression of who I am. Curating my style daily.,"Statement earrings + monochrome fit = ğŸ”¥. Thrifting gems in Berlin today!. Layering is an art, not a trend. Outfit check ğŸªâœ¨.",Fashion Aficionado
"Obsessed with the art of styling. Mixing classic pieces with bold, modern trends.",Oversized blazer season is back ğŸ–¤. Mixing neutrals with bold prints â€” why not?. Weekend fit check ğŸ”. Statement boots or nothing ğŸ‘¢.,Fashion Aficionado
Layering is my craft. Each outfit tells a story and Iâ€™m always ready for the next chapter.,"90s minimalism is having a comeback and I'm here for it ğŸ’¿. Wardrobe audit: bye fast fashion, hello staples. Just embroidered my own denim jacket â€” DIY couture ğŸ§µ.",Fashion Aficionado
Never just following trendsâ€”creating my own with statement pieces and unique flair.,Just embroidered my own denim jacket â€” DIY couture ğŸ§µ. 90s minimalism is having a comeback and I'm here for it ğŸ’¿. Runway looks are just the start â€” streetwear makes the rules.,Fashion Aficionado
Fashion is more than just clothes; itâ€™s an expression of who I am. Curating my style daily.,"Statement earrings + monochrome fit = ğŸ”¥. Thrifting gems in Berlin today!. Layering is an art, not a trend. Outfit check ğŸªâœ¨.",Fashion Aficionado
"Obsessed with the art of styling. Mixing classic pieces with bold, modern trends.",Oversized blazer season is back ğŸ–¤. Mixing neutrals with bold prints â€” why not?. Weekend fit check ğŸ”. Statement boots or nothing ğŸ‘¢.,Fashion Aficionado
Layering is my craft. Each outfit tells a story and Iâ€™m always ready for the next chapter.,"90s minimalism is having a comeback and I'm here for it ğŸ’¿. Wardrobe audit: bye fast fashion, hello staples. Just embroidered my own denim jacket â€” DIY couture ğŸ§µ.",Fashion Aficionado
Never just following trendsâ€”creating my own with statement pieces and unique flair.,Just embroidered my own denim jacket â€” DIY couture ğŸ§µ. 90s minimalism is having a comeback and I'm here for it ğŸ’¿. Runway looks are just the start â€” streetwear makes the rules.,Fashion Aficionado
Style is a reflection of the soul. Each outfit I wear has a story.,Tried the monochrome look today. Layering different textures and materials for that edgy vibe ğŸ–¤. Canâ€™t stop styling this oversized jacket ğŸ§¥.,Fashion Aficionado
Fashion is my language. I express myself through bold colors and unique styles.,Red is my color today ğŸ”¥. Mixing bright shades with neutral tones for an effortless yet daring outfit ğŸ’â€â™‚ï¸. Weekend mood: comfy but chic.,Fashion Aficionado
Fashion is all about experimenting. Every outfit is a new adventure.,Todayâ€™s look: oversized jacket with chunky boots. Street style vibes are strong ğŸ–¤. Embracing the mix of formal and casual in one outfit ğŸ”„.,Fashion Aficionado
Style isnâ€™t about what you wear; itâ€™s about how you wear it.,Rocking an all-black look with statement jewelry. Letâ€™s make simplicity look chic âœ¨. Minimalist with a touch of glam today ğŸ’….,Fashion Aficionado
Fashion is about confidence. Wear what makes you feel unstoppable.,"Layering a vintage sweater with a leather jacket ğŸ–¤. Going bold with patterned pants today â€” the bigger the print, the better! ğŸ”¥.",Fashion Aficionado
Effortless style is the goal. Always balancing comfort and chic.,Todayâ€™s fit: relaxed jeans with a bold graphic tee. A little bit of edge with a leather jacket ğŸ–¤. Bold accessories to complete the look.,Fashion Aficionado
"Every day is a fashion show, and the world is my runway.","Flaunting a sleek black dress with a pop of neon accessories ğŸ”¥. Running errands, but make it fashion ğŸ’â€â™€ï¸.",Fashion Aficionado
Fashion is a celebration of individuality. I make my own rules.,Oversized shirts and chunky sneakers are my go-to look. Classic pieces with a twist today ğŸ‘Ÿ. Bold colors and fearless patterns for an extra vibe ğŸŒˆ.,Fashion Aficionado
"Fashion is art, and Iâ€™m the canvas.","Wearing monochrome today with some metallic touches âœ¨. Mixing materials like leather, silk, and denim for a unique look ğŸ¨.",Fashion Aficionado
"Style is an ever-evolving journey. Keeping up with the latest trends, while adding my personal touch.",Vintage pieces with modern accessories make up todayâ€™s outfit ğŸ–¤. Layering is the key to keeping things interesting âœ¨.,Fashion Aficionado
Fashion is my outlet for creativity. Each look is a new canvas.,Rocking a casual street look with a touch of sophistication. Mixing textures like denim and wool for a unique contrast ğŸ’¥.,Fashion Aficionado
Every outfit is a statement. Fashion speaks louder than words.,"Todayâ€™s outfit: casual chic with a bit of glam. From sneakers to heels, I love to switch it up ğŸ‘ . Styling oversized jackets with a fitted skirt for contrast.",Fashion Aficionado
